{
	"ambientocclusion": false,
	"textures": {
		"0": "custom/outline",
		"1": "custom/outline2",
		"2": "custom/core1",
		"3": "custom/core2",
		"particle": "custom/outline"
	},
	"elements": [
		{
			"from": [0, 13, 0],
			"to": [2.66667, 16, 16],
			"shade": false,
			"faces": {
				"north": {"uv": [0, 3, 3, 0], "texture": "#0"},
				"east": {"uv": [0, 3, 3, 0], "texture": "#0"},
				"south": {"uv": [0, 3, 3, 0], "texture": "#0"},
				"west": {"uv": [0, 3, 3, 0], "texture": "#0"},
				"up": {"uv": [0, 3, 3, 0], "texture": "#0"},
				"down": {"uv": [0, 3, 3, 0], "texture": "#0"}
			}
		},
		{
			"from": [0, 0, 0],
			"to": [2.66667, 3, 16],
			"shade": false,
			"faces": {
				"north": {"uv": [0, 0, 3, 3], "texture": "#0"},
				"east": {"uv": [0, 0, 3, 3], "texture": "#0"},
				"south": {"uv": [0, 0, 3, 3], "texture": "#0"},
				"west": {"uv": [0, 0, 3, 3], "texture": "#0"},
				"up": {"uv": [0, 0, 3, 3], "texture": "#0"},
				"down": {"uv": [0, 0, 3, 3], "texture": "#0"}
			}
		},
		{
			"from": [0, 3, 0],
			"to": [2.66667, 13, 2.66667],
			"shade": false,
			"faces": {
				"north": {"uv": [0, 3, 3, 13], "texture": "#0"},
				"east": {"uv": [0, 3, 3, 13], "texture": "#0"},
				"south": {"uv": [0, 3, 3, 13], "texture": "#0"},
				"west": {"uv": [0, 3, 3, 13], "texture": "#0"},
				"up": {"uv": [0, 3, 3, 13], "texture": "#0"},
				"down": {"uv": [0, 3, 3, 13], "texture": "#0"}
			}
		},
		{
			"from": [5, 5, 5],
			"to": [11, 11, 11],
			"shade": false,
			"rotation": {"angle": 45, "axis": "y", "origin": [8, 8, 8]},
			"faces": {
				"north": {"uv": [0, 3, 6, 9], "texture": "#0"},
				"east": {"uv": [0, 3, 6, 9], "texture": "#0"},
				"south": {"uv": [0, 3, 6, 9], "texture": "#0"},
				"west": {"uv": [0, 3, 6, 9], "texture": "#0"},
				"up": {"uv": [0, 3, 6, 9], "texture": "#0"},
				"down": {"uv": [0, 3, 6, 9], "texture": "#0"}
			}
		},
		{
			"from": [13.33333, 3, 0],
			"to": [16, 13, 2.66667],
			"shade": false,
			"rotation": {"angle": 0, "axis": "y", "origin": [21, 8, 8]},
			"faces": {
				"north": {"uv": [0, 3, 3, 13], "texture": "#0"},
				"east": {"uv": [0, 3, 3, 13], "texture": "#0"},
				"south": {"uv": [0, 3, 3, 13], "texture": "#0"},
				"west": {"uv": [0, 3, 3, 13], "texture": "#0"},
				"up": {"uv": [0, 3, 3, 13], "texture": "#0"},
				"down": {"uv": [0, 3, 3, 13], "texture": "#0"}
			}
		},
		{
			"from": [0, 3, 13],
			"to": [3, 13, 16],
			"shade": false,
			"faces": {
				"north": {"uv": [0, 3, 3, 13], "texture": "#0"},
				"east": {"uv": [0, 3, 3, 13], "texture": "#0"},
				"south": {"uv": [0, 3, 3, 13], "texture": "#0"},
				"west": {"uv": [0, 3, 3, 13], "texture": "#0"},
				"up": {"uv": [0, 3, 3, 13], "texture": "#0"},
				"down": {"uv": [0, 3, 3, 13], "texture": "#0"}
			}
		},
		{
			"from": [13, 3, 13.33333],
			"to": [16, 13, 16],
			"shade": false,
			"rotation": {"angle": 0, "axis": "y", "origin": [21, 8, 8]},
			"faces": {
				"north": {"uv": [0, 3, 3, 13], "texture": "#0"},
				"east": {"uv": [0, 3, 3, 13], "texture": "#0"},
				"south": {"uv": [0, 3, 3, 13], "texture": "#0"},
				"west": {"uv": [0, 3, 3, 13], "texture": "#0"},
				"up": {"uv": [0, 3, 3, 13], "texture": "#0"},
				"down": {"uv": [0, 3, 3, 13], "texture": "#0"}
			}
		},
		{
			"from": [13.33333, 13, 0],
			"to": [16, 16, 16],
			"shade": false,
			"faces": {
				"north": {"uv": [0, 3, 3, 0], "texture": "#0"},
				"east": {"uv": [0, 3, 3, 0], "texture": "#0"},
				"south": {"uv": [0, 3, 3, 0], "texture": "#0"},
				"west": {"uv": [0, 3, 3, 0], "texture": "#0"},
				"up": {"uv": [0, 3, 3, 0], "texture": "#0"},
				"down": {"uv": [0, 3, 3, 0], "texture": "#0"}
			}
		},
		{
			"from": [13.33333, 0, 0],
			"to": [16, 3, 16],
			"shade": false,
			"faces": {
				"north": {"uv": [0, 0, 3, 3], "texture": "#0"},
				"east": {"uv": [0, 0, 3, 3], "texture": "#0"},
				"south": {"uv": [0, 0, 3, 3], "texture": "#0"},
				"west": {"uv": [0, 0, 3, 3], "texture": "#0"},
				"up": {"uv": [0, 0, 3, 3], "texture": "#0"},
				"down": {"uv": [0, 0, 3, 3], "texture": "#0"}
			}
		},
		{
			"from": [2.66667, 13, 0],
			"to": [13.33333, 16, 2.66667],
			"shade": false,
			"faces": {
				"north": {"uv": [0, 3, 10, 0], "texture": "#0"},
				"east": {"uv": [0, 3, 10, 0], "texture": "#0"},
				"south": {"uv": [0, 3, 10, 0], "texture": "#0"},
				"west": {"uv": [0, 3, 10, 0], "texture": "#0"},
				"up": {"uv": [0, 3, 10, 0], "texture": "#0"},
				"down": {"uv": [0, 3, 10, 0], "texture": "#0"}
			}
		},
		{
			"from": [2.66667, 0, 0],
			"to": [13.33333, 3, 2.66667],
			"shade": false,
			"faces": {
				"north": {"uv": [0, 0, 10, 3], "texture": "#0"},
				"east": {"uv": [0, 0, 10, 3], "texture": "#0"},
				"south": {"uv": [0, 0, 10, 3], "texture": "#0"},
				"west": {"uv": [0, 0, 10, 3], "texture": "#0"},
				"up": {"uv": [0, 0, 10, 3], "texture": "#0"},
				"down": {"uv": [0, 0, 10, 3], "texture": "#0"}
			}
		},
		{
			"from": [2.66667, 13, 13.33333],
			"to": [13.33333, 16, 16],
			"shade": false,
			"faces": {
				"north": {"uv": [0, 3, 10, 0], "texture": "#0"},
				"east": {"uv": [0, 3, 10, 0], "texture": "#0"},
				"south": {"uv": [0, 3, 10, 0], "texture": "#0"},
				"west": {"uv": [0, 3, 10, 0], "texture": "#0"},
				"up": {"uv": [0, 3, 10, 0], "texture": "#0"},
				"down": {"uv": [0, 3, 10, 0], "texture": "#0"}
			}
		},
		{
			"from": [2.66667, 0, 13.33333],
			"to": [13.33333, 3, 16],
			"shade": false,
			"faces": {
				"north": {"uv": [0, 0, 10, 3], "texture": "#0"},
				"east": {"uv": [0, 0, 10, 3], "texture": "#0"},
				"south": {"uv": [0, 0, 10, 3], "texture": "#0"},
				"west": {"uv": [0, 0, 10, 3], "texture": "#0"},
				"up": {"uv": [0, 0, 10, 3], "texture": "#0"},
				"down": {"uv": [0, 0, 10, 3], "texture": "#0"}
			}
		},
		{
			"name": "cube_outline",
			"from": [2.86667, 13.2, 2.86667],
			"to": [-0.2, 2.8, -0.2],
			"shade": false,
			"faces": {
				"north": {"uv": [3.187, 2.25, 6.187, 12.25], "rotation": 180, "texture": "#1"},
				"east": {"uv": [3.187, 2.25, 6.187, 12.25], "rotation": 180, "texture": "#1"},
				"south": {"uv": [3.187, 2.25, 6.187, 12.25], "rotation": 180, "texture": "#1"},
				"west": {"uv": [3.5, 2.25, 6.499, 12.25], "rotation": 180, "texture": "#1"}
			}
		},
		{
			"name": "cube_outline",
			"from": [11.2, 11.2, 11.2],
			"to": [4.8, 4.8, 4.8],
			"shade": false,
			"rotation": {"angle": 45, "axis": "y", "origin": [8, 8, 8]},
			"faces": {
				"north": {"uv": [3.187, 2.25, 6.187, 12.25], "rotation": 180, "texture": "#1"},
				"east": {"uv": [3.187, 2.25, 6.187, 12.25], "rotation": 180, "texture": "#1"},
				"south": {"uv": [3.187, 2.25, 6.187, 12.25], "rotation": 180, "texture": "#1"},
				"west": {"uv": [3.187, 2.25, 6.187, 12.25], "rotation": 180, "texture": "#1"},
				"up": {"uv": [3.187, 2.25, 6.187, 12.25], "rotation": 180, "texture": "#1"},
				"down": {"uv": [3.187, 2.25, 6.187, 12.25], "rotation": 180, "texture": "#1"}
			}
		},
		{
			"name": "cube_outline",
			"from": [16.2, 13.2, 2.86667],
			"to": [13.13333, 2.8, -0.2],
			"shade": false,
			"rotation": {"angle": 0, "axis": "y", "origin": [21, 8, 8]},
			"faces": {
				"north": {"uv": [3.187, 2.25, 6.187, 12.25], "rotation": 180, "texture": "#1"},
				"east": {"uv": [3.187, 2.25, 6.187, 12.25], "rotation": 180, "texture": "#1"},
				"south": {"uv": [3.187, 2.25, 6.187, 12.25], "rotation": 180, "texture": "#1"},
				"west": {"uv": [3.187, 2.25, 6.187, 12.25], "rotation": 180, "texture": "#1"}
			}
		},
		{
			"name": "cube_outline",
			"from": [16.2, 13.2, 16.2],
			"to": [12.8, 2.8, 13.13333],
			"shade": false,
			"rotation": {"angle": 0, "axis": "y", "origin": [21, 8, 8]},
			"faces": {
				"north": {"uv": [3.187, 2.25, 6.187, 12.25], "rotation": 180, "texture": "#1"},
				"east": {"uv": [3.187, 2.25, 6.187, 12.25], "rotation": 180, "texture": "#1"},
				"south": {"uv": [3.187, 2.25, 6.187, 12.25], "rotation": 180, "texture": "#1"},
				"west": {"uv": [3.187, 2.25, 6.187, 12.25], "rotation": 180, "texture": "#1"}
			}
		},
		{
			"name": "cube_outline",
			"from": [3.2, 13.2, 16.2],
			"to": [-0.2, 2.8, 12.8],
			"shade": false,
			"faces": {
				"north": {"uv": [3.187, 2.25, 6.187, 12.25], "rotation": 180, "texture": "#1"},
				"east": {"uv": [3.187, 2.25, 6.187, 12.25], "rotation": 180, "texture": "#1"},
				"south": {"uv": [3.187, 2.25, 6.187, 12.25], "rotation": 180, "texture": "#1"},
				"west": {"uv": [3.187, 2.25, 6.187, 12.25], "rotation": 180, "texture": "#1"}
			}
		},
		{
			"name": "cube_outline",
			"from": [16.2, 16.2, 16.2],
			"to": [-0.2, 13.13333, -0.2],
			"shade": false,
			"faces": {
				"north": {"uv": [3.187, 2.25, 6.187, 12.25], "rotation": 180, "texture": "#1"},
				"east": {"uv": [3.187, 2.25, 6.187, 12.25], "rotation": 180, "texture": "#1"},
				"south": {"uv": [3.187, 2.25, 6.187, 12.25], "rotation": 180, "texture": "#1"},
				"west": {"uv": [3.187, 2.25, 6.187, 12.25], "rotation": 180, "texture": "#1"},
				"up": {"uv": [0, 0, 15.996, 15.996], "rotation": 180, "texture": "#2"},
				"down": {"uv": [0, 0, 16, 16], "rotation": 180, "texture": "#3"}
			}
		},
		{
			"name": "cube_outline",
			"from": [16.2, 2.86667, 16.2],
			"to": [-0.2, -0.2, -0.2],
			"shade": false,
			"faces": {
				"north": {"uv": [3.187, 2.25, 6.187, 12.25], "rotation": 180, "texture": "#1"},
				"east": {"uv": [3.187, 2.25, 6.187, 12.25], "rotation": 180, "texture": "#1"},
				"south": {"uv": [3.187, 2.25, 6.187, 12.25], "rotation": 180, "texture": "#1"},
				"west": {"uv": [3.187, 2.25, 6.187, 12.25], "rotation": 180, "texture": "#1"},
				"up": {"uv": [0, 0, 16, 16], "rotation": 180, "texture": "#3"},
				"down": {"uv": [0, 0, 15.996, 15.996], "rotation": 180, "texture": "#2"}
			}
		}
	]
}