{"parent":"block/block","ambientocclusion":false,"textures":{"0":"custom/outline","1":"custom/outline3","particle":"custom/outline"},"elements":[{"from":[0,0,0],"to":[16,8,16],"shade":false,"faces":{"north":{"uv":[6.875,8.75,8.25,10.812],"texture":"#1","cullface":"north"},"east":{"uv":[6.875,8.75,8.25,10.812],"texture":"#1","cullface":"east"},"south":{"uv":[6.875,8.75,8.25,10.812],"texture":"#1","cullface":"south"},"west":{"uv":[6.875,8.75,8.25,10.812],"texture":"#1","cullface":"west"},"up":{"uv":[6.875,8.75,8.25,10.812],"texture":"#1"},"down":{"uv":[6.875,8.75,8.25,10.812],"texture":"#1","cullface":"down"}}},{"from":[16.364,8.364,16.364],"to":[-0.364,-0.204,-0.364],"shade":false,"rotation":{"angle":0,"axis":"y","origin":[8,8.16,8]},"faces":{"north":{"uv":[9.875,11,10.875,12],"rotation":180,"texture":"#0","cullface":"south"},"east":{"uv":[9.875,11,10.875,12],"rotation":180,"texture":"#0","cullface":"west"},"south":{"uv":[9.875,11,10.875,12],"rotation":180,"texture":"#0","cullface":"north"},"west":{"uv":[9.875,11,10.875,12],"rotation":180,"texture":"#0","cullface":"east"},"up":{"uv":[9.875,11,10.875,12],"rotation":180,"texture":"#0","cullface":"down"},"down":{"uv":[9.875,11,10.875,12],"rotation":180,"texture":"#0"}}}]}