{"ambientocclusion":false,"textures":{"0":"custom/outline","1":"custom/outline2","4":"custom/arena2","particle":"custom/outline"},"elements":[{"from":[-0.43,-15.36,0.32],"to":[30.29,30.72,2.24],"shade":false,"rotation":{"angle":0,"axis":"y","origin":[7.25,7.68,8]},"faces":{"north":{"uv":[0,0,10,16],"texture":"#4","cullface":"up"},"east":{"uv":[0,0,16,16],"rotation":90,"texture":"#0","cullface":"north"},"south":{"uv":[0,0,16,16],"rotation":270,"texture":"#0","cullface":"down"},"west":{"uv":[0,0,16,16],"rotation":270,"texture":"#0","cullface":"south"},"up":{"uv":[0,0,16,16],"texture":"#0","cullface":"east"},"down":{"uv":[0,0,16,16],"rotation":180,"texture":"#0","cullface":"west"}}},{"from":[27.41,-12.48,-0.64],"to":[30.29,27.84,0.32],"shade":false,"rotation":{"angle":0,"axis":"y","origin":[7.25,7.68,8]},"faces":{"north":{"uv":[0,2.99909,15.99645,7.99668],"rotation":270,"texture":"#0","cullface":"up"},"east":{"uv":[0,2.99909,15.99645,7.99668],"rotation":90,"texture":"#0","cullface":"north"},"west":{"uv":[0,2.99909,15.99645,7.99668],"rotation":270,"texture":"#1","cullface":"up"}}},{"from":[-0.43,-12.48,-0.64],"to":[2.45,27.84,0.32],"shade":false,"rotation":{"angle":0,"axis":"y","origin":[7.25,7.68,8]},"faces":{"north":{"uv":[0,7.99668,15.99645,2.99909],"rotation":270,"texture":"#0","cullface":"up"},"east":{"uv":[15.99645,2.99909,0,7.99668],"rotation":90,"texture":"#1","cullface":"up"},"west":{"uv":[15.99645,2.99909,0,7.99668],"rotation":270,"texture":"#0","cullface":"north"}}},{"from":[-0.43,-15.36,-0.64],"to":[30.29,-12.48,0.32],"shade":false,"rotation":{"angle":0,"axis":"y","origin":[7.25,7.68,8]},"faces":{"north":{"uv":[0,2.99909,15.99645,7.99668],"rotation":270,"texture":"#0","cullface":"up"},"east":{"uv":[15.99645,2.99909,0,7.99668],"rotation":90,"texture":"#0","cullface":"west"},"west":{"uv":[15.99645,2.99909,0,7.99668],"rotation":270,"texture":"#0","cullface":"west"},"up":{"uv":[0,2.99909,15.99645,7.99668],"texture":"#1","cullface":"up"},"down":{"uv":[15.99645,2.99909,0,7.99668],"rotation":180,"texture":"#0","cullface":"west"}}},{"from":[-0.43,27.84,-0.64],"to":[30.29,30.72,0.32],"shade":false,"rotation":{"angle":0,"axis":"y","origin":[7.25,7.68,8]},"faces":{"north":{"uv":[15.99645,2.99909,0,7.99668],"rotation":270,"texture":"#0","cullface":"up"},"east":{"uv":[15.99645,2.99909,0,7.99668],"rotation":90,"texture":"#0","cullface":"west"},"west":{"uv":[15.99645,2.99909,0,7.99668],"rotation":270,"texture":"#0","cullface":"up"},"up":{"uv":[15.99645,2.99909,0,7.99668],"texture":"#0","cullface":"west"},"down":{"uv":[15.99645,2.99909,0,7.99668],"rotation":180,"texture":"#1","cullface":"up"}}},{"from":[30.7508,31.3344,2.32064],"to":[-0.68152,-15.6672,-1.00864],"shade":false,"rotation":{"angle":0,"axis":"y","origin":[7.25,7.8336,8]},"faces":{"north":{"uv":[0,2.99909,15.99645,7.99668],"rotation":90,"texture":"#1","cullface":"north"},"east":{"uv":[0,2.99909,15.99645,7.99668],"rotation":90,"texture":"#1","cullface":"north"},"south":{"uv":[0,2.99909,15.99645,7.99668],"rotation":90,"texture":"#1","cullface":"north"},"west":{"uv":[0,2.99909,15.99645,8.99668],"rotation":90,"texture":"#1","cullface":"north"},"up":{"uv":[0,2.99909,15.99645,7.99668],"rotation":180,"texture":"#1","cullface":"north"},"down":{"uv":[0,2.99909,15.99645,7.99668],"texture":"#1","cullface":"north"}}},{"from":[27.3508,-12.3656,1.32064],"to":[2.61848,-15.6672,-1.00864],"shade":false,"rotation":{"angle":0,"axis":"y","origin":[7.25,7.8336,8]},"faces":{"down":{"uv":[0,2.99909,15.99645,7.99668],"texture":"#1","cullface":"north"}}},{"from":[27.3508,31.1672,1.32064],"to":[2.61848,27.8656,-1.00864],"shade":false,"rotation":{"angle":0,"axis":"y","origin":[7.25,8.1664,8]},"faces":{"up":{"uv":[15.99645,2.99909,0,7.99668],"rotation":180,"texture":"#1","cullface":"north"}}},{"from":[2.7508,27.8344,1.32064],"to":[-0.68152,-12.2672,-1.00864],"shade":false,"rotation":{"angle":0,"axis":"y","origin":[7.25,7.8336,8]},"faces":{"east":{"uv":[0,2.99909,15.99645,7.99668],"rotation":90,"texture":"#1","cullface":"north"},"west":{"uv":[0,2.99909,15.99645,8.99668],"rotation":90,"texture":"#1","cullface":"north"}}},{"from":[30.68152,27.8344,1.32064],"to":[27.2492,-12.2672,-1.00864],"shade":false,"rotation":{"angle":0,"axis":"y","origin":[7.25,7.8336,8]},"faces":{"east":{"uv":[0,8.99668,15.99645,2.99909],"rotation":90,"texture":"#1","cullface":"north"},"west":{"uv":[0,7.99668,15.99645,2.99909],"rotation":90,"texture":"#1","cullface":"north"}}}],"display":{"thirdperson_righthand":{"rotation":[75,45,0],"translation":[0,2.5,0],"scale":[0.375,0.375,0.375]},"thirdperson_lefthand":{"rotation":[75,45,0],"translation":[0,2.5,0],"scale":[0.375,0.375,0.375]},"firstperson_righthand":{"rotation":[0,138,0],"translation":[1.75,3,0],"scale":[0.21,0.21,0.21]},"firstperson_lefthand":{"rotation":[0,225,0],"scale":[0.4,0.4,0.4]},"ground":{"translation":[0,3,0],"scale":[0.25,0.25,0.25]},"gui":{"rotation":[30,225,0],"scale":[0.28,0.28,0.28]},"fixed":{"scale":[0.5,0.5,0.5]}}}