{"parent":"block/block","ambientocclusion":false,"textures":{"0":"custom/outline","1":"custom/outline3","particle":"custom/outline"},"elements":[{"from":[0,0,0],"to":[16,8,16],"shade":false,"rotation":{"angle":0,"axis":"y","origin":[8,0,8]},"faces":{"north":{"uv":[0.032,15.968,15.968,8.032],"texture":"#0","cullface":"north"},"east":{"uv":[0.032,15.968,15.968,8.032],"texture":"#0","cullface":"east"},"south":{"uv":[0.032,15.968,15.968,8.032],"texture":"#0","cullface":"south"},"west":{"uv":[0.032,15.968,15.968,8.032],"texture":"#1","cullface":"west"},"up":{"uv":[0.032,15.968,15.968,8.032],"texture":"#0"},"down":{"uv":[0.032,15.968,15.968,8.032],"texture":"#0","cullface":"down"}}},{"from":[8,8,0],"to":[16,16,16],"shade":false,"faces":{"north":{"uv":[0.032,15.968,15.968,8.032],"texture":"#0","cullface":"north"},"east":{"uv":[0.032,15.968,15.968,8.032],"texture":"#0","cullface":"east"},"south":{"uv":[0.032,15.968,15.968,8.032],"texture":"#0","cullface":"south"},"west":{"uv":[0.032,15.968,15.968,8.032],"texture":"#1"},"up":{"uv":[0.032,15.968,15.968,8.032],"texture":"#0","cullface":"up"}}},{"from":[8.064,8.204,16.364],"to":[-0.364,-0.364,-0.364],"shade":false,"rotation":{"angle":0,"axis":"y","origin":[8,-0.16,8]},"faces":{"north":{"uv":[5.875,4.5,6.875,5.5],"rotation":180,"texture":"#1","cullface":"south"},"east":{"uv":[2.813,2.75,3.813,3.75],"rotation":180,"texture":"#1","cullface":"west"},"south":{"uv":[8.937,4.063,9.937,5.063],"rotation":180,"texture":"#1","cullface":"north"},"up":{"uv":[4.875,5.25,5.875,6.25],"rotation":180,"texture":"#1","cullface":"down"},"down":{"uv":[5.437,5.312,6.437,6.312],"rotation":180,"texture":"#1"}}},{"from":[16.364,8.204,16.364],"to":[8.036,-0.364,-0.364],"shade":false,"rotation":{"angle":0,"axis":"y","origin":[8,-0.16,8]},"faces":{"north":{"uv":[15.968,12.968,15.032,12.032],"rotation":180,"texture":"#1","cullface":"south"},"south":{"uv":[15.968,12.968,15.032,12.032],"rotation":180,"texture":"#1","cullface":"north"},"west":{"uv":[15.968,12.968,15.032,12.032],"rotation":180,"texture":"#1","cullface":"east"},"up":{"uv":[7.373,10.435,6.437,9.5],"rotation":180,"texture":"#1","cullface":"down"}}},{"from":[16.364,16.204,16.364],"to":[7.636,8.036,-0.364],"shade":false,"rotation":{"angle":0,"axis":"y","origin":[8,7.84,8]},"faces":{"north":{"uv":[15.032,12.968,15.968,12.032],"rotation":180,"texture":"#1","cullface":"south"},"east":{"uv":[9.063,10.435,9.998,9.5],"rotation":180,"texture":"#1"},"south":{"uv":[15.032,12.968,15.968,12.032],"rotation":180,"texture":"#1","cullface":"north"},"west":{"uv":[15.032,12.968,15.968,12.032],"rotation":180,"texture":"#1","cullface":"east"},"down":{"uv":[15.032,12.968,15.968,12.032],"rotation":180,"texture":"#1","cullface":"up"}}}]}