{
	"ambientocclusion": false,
	"textures": {
		"0": "custom/outline",
		"1": "custom/outline2",
		"particle": "custom/outline"
	},
	"elements": [
		{
			"from": [0, 0, 0],
			"to": [16, 16, 16],
			"shade": false,
			"faces": {
				"north": {"uv": [0, 0, 16, 16], "texture": "#0", "cullface": "north"},
				"east": {"uv": [0, 0, 16, 16], "texture": "#0", "cullface": "east"},
				"south": {"uv": [0, 0, 16, 16], "texture": "#0", "cullface": "south"},
				"west": {"uv": [0, 0, 16, 16], "texture": "#0", "cullface": "west"},
				"up": {"uv": [0, 0, 16, 16], "texture": "#0", "cullface": "up"},
				"down": {"uv": [0, 0, 16, 16], "texture": "#0", "cullface": "down"}
			}
		},
		{
			"from": [0, 16, 0],
			"to": [16, 18, 5],
			"shade": false,
			"faces": {
				"north": {"uv": [0, 2.99909, 15.99645, 7.99668], "texture": "#0", "cullface": "north"},
				"east": {"uv": [0, 2.99909, 15.99645, 7.99668], "texture": "#0", "cullface": "east"},
				"south": {"uv": [0, 2.99909, 15.99645, 7.99668], "texture": "#1", "cullface": "up"},
				"west": {"uv": [0, 2.99909, 15.99645, 7.99668], "texture": "#0", "cullface": "west"},
				"up": {"uv": [0, 2.99909, 15.99645, 7.99668], "texture": "#0", "cullface": "up"}
			}
		},
		{
			"name": "cube_outline",
			"from": [16.2, 16.2, 16.2],
			"to": [-0.2, -0.2, -0.2],
			"shade": false,
			"faces": {
				"north": {"uv": [0, 0, 16, 16], "rotation": 180, "texture": "#1", "cullface": "south"},
				"east": {"uv": [0, 0, 16, 16], "rotation": 180, "texture": "#1", "cullface": "west"},
				"south": {"uv": [0, 0, 16, 16], "rotation": 180, "texture": "#1", "cullface": "north"},
				"west": {"uv": [0, 0, 16, 16], "rotation": 180, "texture": "#1", "cullface": "east"},
				"up": {"uv": [0, 0, 16, 16], "rotation": 180, "texture": "#1", "cullface": "down"},
				"down": {"uv": [0, 0, 16, 16], "rotation": 180, "texture": "#1", "cullface": "up"}
			}
		},
		{
			"name": "cube_outline",
			"from": [16.2, 18.2, 5.2],
			"to": [-0.2, 15.8, -0.2],
			"shade": false,
			"faces": {
				"north": {"uv": [0, 2.99909, 15.99645, 7.99668], "rotation": 180, "texture": "#1"},
				"east": {"uv": [0, 2.99909, 15.99645, 7.99668], "rotation": 180, "texture": "#1", "cullface": "west"},
				"south": {"uv": [0, 2.99909, 15.99645, 7.99668], "rotation": 180, "texture": "#1", "cullface": "north"},
				"west": {"uv": [0, 2.99909, 15.99645, 7.99668], "rotation": 180, "texture": "#1", "cullface": "east"},
				"down": {"uv": [0, 2.99909, 15.99645, 7.99668], "rotation": 180, "texture": "#1", "cullface": "up"}
			}
		}
	]
}