{"parent":"block/block","ambientocclusion":false,"textures":{"0":"custom/outline","1":"custom/outline3","particle":"custom/outline"},"elements":[{"from":[0,0,0],"to":[16,16,16],"shade":false,"rotation":{"angle":0,"axis":"y","origin":[8,16,8]},"faces":{"north":{"uv":[3.187,5.125,9.687,10.937],"texture":"#1","cullface":"north"},"east":{"uv":[3.187,5.125,9.687,10.937],"texture":"#1","cullface":"east"},"south":{"uv":[3.187,5.125,9.687,10.937],"texture":"#1","cullface":"south"},"west":{"uv":[3.187,5.125,9.687,10.937],"texture":"#1","cullface":"west"},"up":{"uv":[3.187,5.125,9.687,10.937],"texture":"#1","cullface":"up"},"down":{"uv":[3.187,5.125,9.687,10.937],"texture":"#1","cullface":"down"}}},{"from":[16.364,8.004,16.364],"to":[-0.364,-0.364,-0.364],"shade":false,"rotation":{"angle":0,"axis":"y","origin":[8,-0.16,8]},"faces":{"north":{"uv":[9.063,11.812,10.062,10.813],"rotation":180,"texture":"#0","cullface":"south"},"east":{"uv":[9.063,11.812,10.062,10.813],"rotation":180,"texture":"#0","cullface":"west"},"south":{"uv":[9.063,11.812,10.062,10.813],"rotation":180,"texture":"#0","cullface":"north"},"west":{"uv":[9.063,11.812,10.062,10.813],"rotation":180,"texture":"#0","cullface":"east"},"up":{"uv":[9.063,11.812,10.062,10.813],"rotation":180,"texture":"#0","cullface":"down"}}}]}