{
	"parent": "block/block",
	"ambientocclusion": false,
	"textures": {
		"0": "custom/outline",
		"particle": "custom/outline"
	},
	"elements": [
		{
			"from": [0, 0, 0],
			"to": [16, 16, 16],
			"shade": false,
			"rotation": {"angle": 0, "axis": "y", "origin": [8, 16, 8]},
			"faces": {
				"north": {"uv": [0, 8, 16, 16], "texture": "#0", "cullface": "north"},
				"east": {"uv": [0, 8, 16, 16], "texture": "#0", "cullface": "east"},
				"south": {"uv": [0, 8, 16, 16], "texture": "#0", "cullface": "south"},
				"west": {"uv": [0, 8, 16, 16], "texture": "#0", "cullface": "west"},
				"up": {"uv": [0, 0, 16, 16], "texture": "#0", "cullface": "up"},
				"down": {"uv": [0, 0, 16, 16], "texture": "#0", "cullface": "down"}
			}
		}
	]
}