{"textures":{"1":"custom/outline","particle":"custom/outline2"},"elements":[{"from":[5,-1.75,7],"to":[9,3.25,9],"rotation":{"angle":0,"axis":"y","origin":[8,8.25,8]},"faces":{"north":{"uv":[0,0,4,5],"texture":"#1"},"east":{"uv":[0,0,4,5],"texture":"#1"},"south":{"uv":[0,0,4,5],"texture":"#1"},"west":{"uv":[0,0,4,5],"texture":"#1"},"up":{"uv":[0,0,4,5],"texture":"#1"},"down":{"uv":[0,0,4,5],"texture":"#1"}}},{"from":[12,3,5],"to":[19,11,11],"rotation":{"angle":0,"axis":"y","origin":[28,8,8]},"faces":{"north":{"uv":[9,8,16,16],"texture":"#1"},"east":{"uv":[9,8,16,16],"texture":"#1"},"south":{"uv":[9,8,16,16],"texture":"#1"},"west":{"uv":[9,8,16,16],"texture":"#1"},"up":{"uv":[9,8,16,16],"texture":"#1"},"down":{"uv":[9,8,16,16],"texture":"#1"}}},{"from":[19,8,5],"to":[27,11,11],"rotation":{"angle":0,"axis":"y","origin":[28,8,8]},"faces":{"north":{"uv":[0,0,8,3],"texture":"#1"},"east":{"uv":[0,0,8,3],"texture":"#1"},"south":{"uv":[0,0,8,3],"texture":"#1"},"west":{"uv":[0,0,8,3],"texture":"#1"},"up":{"uv":[0,0,8,3],"texture":"#1"},"down":{"uv":[0,0,8,3],"texture":"#1"}}},{"from":[19,3,5],"to":[24,6,11],"rotation":{"angle":0,"axis":"y","origin":[28,8,8]},"faces":{"north":{"uv":[0,0,5,3],"texture":"#1"},"east":{"uv":[0,0,5,3],"texture":"#1"},"south":{"uv":[0,0,5,3],"texture":"#1"},"west":{"uv":[0,0,5,3],"texture":"#1"},"up":{"uv":[0,0,5,3],"texture":"#1"},"down":{"uv":[0,0,5,3],"texture":"#1"}}},{"from":[18,-3,7],"to":[23,3,9],"rotation":{"angle":0,"axis":"y","origin":[27,8,8]},"faces":{"north":{"uv":[0,0,5,6],"texture":"#1"},"east":{"uv":[0,0,5,6],"texture":"#1"},"south":{"uv":[0,0,5,6],"texture":"#1"},"west":{"uv":[0,0,5,6],"texture":"#1"},"up":{"uv":[0,0,5,6],"texture":"#1"},"down":{"uv":[0,0,5,6],"texture":"#1"}}},{"from":[-8,7.75,6],"to":[12,10.75,10],"rotation":{"angle":0,"axis":"y","origin":[8,7.75,8]},"faces":{"north":{"uv":[0,0,16,1],"texture":"#1"},"east":{"uv":[0,0,16,1],"texture":"#1"},"south":{"uv":[0,0,16,1],"texture":"#1"},"west":{"uv":[0,0,16,1],"texture":"#1"},"up":{"uv":[0,0,16,1],"texture":"#1"},"down":{"uv":[0,0,16,1],"texture":"#1"}}},{"from":[-8,3.25,6],"to":[12,6.25,10],"rotation":{"angle":0,"axis":"y","origin":[8,7.75,8]},"faces":{"north":{"uv":[0,0,16,1],"texture":"#1"},"east":{"uv":[0,0,16,1],"texture":"#1"},"south":{"uv":[0,0,16,1],"texture":"#1"},"west":{"uv":[0,0,16,1],"texture":"#1"},"up":{"uv":[0,0,16,1],"texture":"#1"},"down":{"uv":[0,0,16,1],"texture":"#1"}}},{"from":[9.2,3.45,9.2],"to":[4.8,-1.95,6.8],"rotation":{"angle":0,"axis":"y","origin":[8,8.25,8]},"faces":{"north":{"uv":[6,3,10,8],"rotation":180,"texture":"#1"},"east":{"uv":[6,3,10,8],"rotation":180,"texture":"#1"},"south":{"uv":[6,3,10,8],"rotation":180,"texture":"#1"},"west":{"uv":[6,3,10,8],"rotation":180,"texture":"#1"},"up":{"uv":[6,3,10,8],"rotation":180,"texture":"#1"},"down":{"uv":[6,3,10,8],"rotation":180,"texture":"#1"}}},{"from":[12.2,6.45,10.2],"to":[-8.2,3.05,5.8],"rotation":{"angle":0,"axis":"y","origin":[8,8.25,8]},"faces":{"north":{"uv":[6,3,10,8],"rotation":180,"texture":"#1"},"east":{"uv":[6,3,10,8],"rotation":180,"texture":"#1"},"south":{"uv":[6,3,10,8],"rotation":180,"texture":"#1"},"west":{"uv":[6,3,10,8],"rotation":180,"texture":"#1"},"up":{"uv":[6,3,10,8],"rotation":180,"texture":"#1"},"down":{"uv":[6,3,10,8],"rotation":180,"texture":"#1"}}},{"from":[12.2,10.95,10.2],"to":[-8.2,7.55,5.8],"rotation":{"angle":0,"axis":"y","origin":[8,7.75,8]},"faces":{"north":{"uv":[6,3,10,8],"rotation":180,"texture":"#1"},"east":{"uv":[6,3,10,8],"rotation":180,"texture":"#1"},"south":{"uv":[6,3,10,8],"rotation":180,"texture":"#1"},"west":{"uv":[6,3,10,8],"rotation":180,"texture":"#1"},"up":{"uv":[6,3,10,8],"rotation":180,"texture":"#1"},"down":{"uv":[6,3,10,8],"rotation":180,"texture":"#1"}}},{"from":[19.2,11.2,11.2],"to":[11.8,2.8,4.8],"rotation":{"angle":0,"axis":"y","origin":[28,8,8]},"faces":{"north":{"uv":[6,3,10,8],"rotation":180,"texture":"#1"},"east":{"uv":[6,3,10,8],"rotation":180,"texture":"#1"},"south":{"uv":[6,3,10,8],"rotation":180,"texture":"#1"},"west":{"uv":[6,3,10,8],"rotation":180,"texture":"#1"},"up":{"uv":[6,3,10,8],"rotation":180,"texture":"#1"},"down":{"uv":[6,3,10,8],"rotation":180,"texture":"#1"}}},{"from":[27.2,11.2,11.2],"to":[18.8,7.8,4.8],"rotation":{"angle":0,"axis":"y","origin":[28,8,8]},"faces":{"north":{"uv":[6,3,10,8],"rotation":180,"texture":"#1"},"east":{"uv":[6,3,10,8],"rotation":180,"texture":"#1"},"south":{"uv":[6,3,10,8],"rotation":180,"texture":"#1"},"west":{"uv":[6,3,10,8],"rotation":180,"texture":"#1"},"up":{"uv":[6,3,10,8],"rotation":180,"texture":"#1"},"down":{"uv":[6,3,10,8],"rotation":180,"texture":"#1"}}},{"from":[24.2,6.2,11.2],"to":[18.8,2.8,4.8],"rotation":{"angle":0,"axis":"y","origin":[28,8,8]},"faces":{"north":{"uv":[6,3,10,8],"rotation":180,"texture":"#1"},"east":{"uv":[6,3,10,8],"rotation":180,"texture":"#1"},"south":{"uv":[6,3,10,8],"rotation":180,"texture":"#1"},"west":{"uv":[6,3,10,8],"rotation":180,"texture":"#1"},"up":{"uv":[6,3,10,8],"rotation":180,"texture":"#1"},"down":{"uv":[6,3,10,8],"rotation":180,"texture":"#1"}}},{"from":[23.2,3.2,9.2],"to":[17.8,-3.2,6.8],"rotation":{"angle":0,"axis":"y","origin":[27,8,8]},"faces":{"north":{"uv":[6,3,10,8],"rotation":180,"texture":"#1"},"east":{"uv":[6,3,10,8],"rotation":180,"texture":"#1"},"south":{"uv":[6,3,10,8],"rotation":180,"texture":"#1"},"west":{"uv":[6,3,10,8],"rotation":180,"texture":"#1"},"up":{"uv":[6,3,10,8],"rotation":180,"texture":"#1"},"down":{"uv":[6,3,10,8],"rotation":180,"texture":"#1"}}}],"display":{"thirdperson_righthand":{"rotation":[56.25,-90,55],"translation":[0,3.25,2.25],"scale":[0.51992,0.51992,0.51992]},"thirdperson_lefthand":{"scale":[0,0,0]},"firstperson_righthand":{"rotation":[0,-96,0],"translation":[-0.25,4.25,1.5],"scale":[0.38,0.38,0.38]},"firstperson_lefthand":{"scale":[0,0,0]},"ground":{"translation":[0,6.25,0],"scale":[0,0,0]},"gui":{"rotation":[30,51,0],"translation":[-0.75,0.25,0],"scale":[0.66,0.66,0.66]}}}